,Unnamed: 0,Country,Country Code,Series,Series Code,2008 [YR2008],2009 [YR2009],2010 [YR2010],2011 [YR2011],2012 [YR2012],2013 [YR2013],2014 [YR2014],2015 [YR2015],2020 [YR2020]
0,0,Afghanistan,AFG,PISA: Mean performance on the mathematics scale,LO.PISA.MAT,,,,,,,,,
1,1,Afghanistan,AFG,PISA: Mean performance on the reading scale,LO.PISA.REA,,,,,,,,,
2,2,Afghanistan,AFG,PISA: Mean performance on the science scale,LO.PISA.SCI,,,,,,,,,
3,3,Albania,ALB,PISA: Mean performance on the mathematics scale,LO.PISA.MAT,,377.46105645178,,,394.329333356314,,,,
4,4,Albania,ALB,PISA: Mean performance on the reading scale,LO.PISA.REA,,384.8166023799601,,,393.964251939227,,,,
5,5,Albania,ALB,PISA: Mean performance on the science scale,LO.PISA.SCI,,390.69574552702795,,,397.373213559178,,,,
6,6,Algeria,DZA,PISA: Mean performance on the mathematics scale,LO.PISA.MAT,,,,,,,,,
7,7,Algeria,DZA,PISA: Mean performance on the reading scale,LO.PISA.REA,,,,,,,,,
8,8,Algeria,DZA,PISA: Mean performance on the science scale,LO.PISA.SCI,,,,,,,,,
9,9,American Samoa,ASM,PISA: Mean performance on the mathematics scale,LO.PISA.MAT,,,,,,,,,
10,10,American Samoa,ASM,PISA: Mean performance on the reading scale,LO.PISA.REA,,,,,,,,,
11,11,American Samoa,ASM,PISA: Mean performance on the science scale,LO.PISA.SCI,,,,,,,,,
12,12,Andorra,ADO,PISA: Mean performance on the mathematics scale,LO.PISA.MAT,,,,,,,,,
13,13,Andorra,ADO,PISA: Mean performance on the reading scale,LO.PISA.REA,,,,,,,,,
14,14,Andorra,ADO,PISA: Mean performance on the science scale,LO.PISA.SCI,,,,,,,,,
15,15,Angola,AGO,PISA: Mean performance on the mathematics scale,LO.PISA.MAT,,,,,,,,,
16,16,Angola,AGO,PISA: Mean performance on the reading scale,LO.PISA.REA,,,,,,,,,
17,17,Angola,AGO,PISA: Mean performance on the science scale,LO.PISA.SCI,,,,,,,,,
18,18,Antigua and Barbuda,ATG,PISA: Mean performance on the mathematics scale,LO.PISA.MAT,,,,,,,,,
19,19,Antigua and Barbuda,ATG,PISA: Mean performance on the reading scale,LO.PISA.REA,,,,,,,,,
20,20,Antigua and Barbuda,ATG,PISA: Mean performance on the science scale,LO.PISA.SCI,,,,,,,,,
21,21,Argentina,ARG,PISA: Mean performance on the mathematics scale,LO.PISA.MAT,,388.068128318725,,,388.43170990714106,,,,
22,22,Argentina,ARG,PISA: Mean performance on the reading scale,LO.PISA.REA,,398.26087999149695,,,395.97912270216796,,,,
23,23,Argentina,ARG,PISA: Mean performance on the science scale,LO.PISA.SCI,,400.838520183371,,,405.632004985595,,,,
24,24,Armenia,ARM,PISA: Mean performance on the mathematics scale,LO.PISA.MAT,,,,,,,,,
25,25,Armenia,ARM,PISA: Mean performance on the reading scale,LO.PISA.REA,,,,,,,,,
26,26,Armenia,ARM,PISA: Mean performance on the science scale,LO.PISA.SCI,,,,,,,,,
27,27,Aruba,ABW,PISA: Mean performance on the mathematics scale,LO.PISA.MAT,,,,,,,,,
28,28,Aruba,ABW,PISA: Mean performance on the reading scale,LO.PISA.REA,,,,,,,,,
29,29,Aruba,ABW,PISA: Mean performance on the science scale,LO.PISA.SCI,,,,,,,,,
30,30,Australia,AUS,PISA: Mean performance on the mathematics scale,LO.PISA.MAT,,514.3404623991902,,,504.150766311123,,,,
31,31,Australia,AUS,PISA: Mean performance on the reading scale,LO.PISA.REA,,514.900655197261,,,511.803997666501,,,,
32,32,Australia,AUS,PISA: Mean performance on the science scale,LO.PISA.SCI,,527.270534026533,,,521.494746315308,,,,
33,33,Austria,AUT,PISA: Mean performance on the mathematics scale,LO.PISA.MAT,,495.908654967801,,,505.5407432498009,,,,
34,34,Austria,AUT,PISA: Mean performance on the reading scale,LO.PISA.REA,,470.283631981007,,,489.609335384385,,,,
35,35,Austria,AUT,PISA: Mean performance on the science scale,LO.PISA.SCI,,494.327673185653,,,505.78124706763606,,,,
36,36,Azerbaijan,AZE,PISA: Mean performance on the mathematics scale,LO.PISA.MAT,,430.975300178942,,,,,,,
37,37,Azerbaijan,AZE,PISA: Mean performance on the reading scale,LO.PISA.REA,,361.51531758916,,,,,,,
38,38,Azerbaijan,AZE,PISA: Mean performance on the science scale,LO.PISA.SCI,,373.183588157621,,,,,,,
39,39,"Bahamas, The",BHS,PISA: Mean performance on the mathematics scale,LO.PISA.MAT,,,,,,,,,
40,40,"Bahamas, The",BHS,PISA: Mean performance on the reading scale,LO.PISA.REA,,,,,,,,,
41,41,"Bahamas, The",BHS,PISA: Mean performance on the science scale,LO.PISA.SCI,,,,,,,,,
42,42,Bahrain,BHR,PISA: Mean performance on the mathematics scale,LO.PISA.MAT,,,,,,,,,
43,43,Bahrain,BHR,PISA: Mean performance on the reading scale,LO.PISA.REA,,,,,,,,,
44,44,Bahrain,BHR,PISA: Mean performance on the science scale,LO.PISA.SCI,,,,,,,,,
45,45,Bangladesh,BGD,PISA: Mean performance on the mathematics scale,LO.PISA.MAT,,,,,,,,,
46,46,Bangladesh,BGD,PISA: Mean performance on the reading scale,LO.PISA.REA,,,,,,,,,
47,47,Bangladesh,BGD,PISA: Mean performance on the science scale,LO.PISA.SCI,,,,,,,,,
48,48,Barbados,BRB,PISA: Mean performance on the mathematics scale,LO.PISA.MAT,,,,,,,,,
49,49,Barbados,BRB,PISA: Mean performance on the reading scale,LO.PISA.REA,,,,,,,,,
50,50,Barbados,BRB,PISA: Mean performance on the science scale,LO.PISA.SCI,,,,,,,,,
51,51,Belarus,BLR,PISA: Mean performance on the mathematics scale,LO.PISA.MAT,,,,,,,,,
52,52,Belarus,BLR,PISA: Mean performance on the reading scale,LO.PISA.REA,,,,,,,,,
53,53,Belarus,BLR,PISA: Mean performance on the science scale,LO.PISA.SCI,,,,,,,,,
54,54,Belgium,BEL,PISA: Mean performance on the mathematics scale,LO.PISA.MAT,,515.272276873881,,,514.5292447273571,,,,
55,55,Belgium,BEL,PISA: Mean performance on the reading scale,LO.PISA.REA,,505.945796158684,,,508.617876321039,,,,
56,56,Belgium,BEL,PISA: Mean performance on the science scale,LO.PISA.SCI,,506.575526260289,,,504.86765304656194,,,,
57,57,Belize,BLZ,PISA: Mean performance on the mathematics scale,LO.PISA.MAT,,,,,,,,,
58,58,Belize,BLZ,PISA: Mean performance on the reading scale,LO.PISA.REA,,,,,,,,,
59,59,Belize,BLZ,PISA: Mean performance on the science scale,LO.PISA.SCI,,,,,,,,,
60,60,Benin,BEN,PISA: Mean performance on the mathematics scale,LO.PISA.MAT,,,,,,,,,
61,61,Benin,BEN,PISA: Mean performance on the reading scale,LO.PISA.REA,,,,,,,,,
62,62,Benin,BEN,PISA: Mean performance on the science scale,LO.PISA.SCI,,,,,,,,,
63,63,Bermuda,BMU,PISA: Mean performance on the mathematics scale,LO.PISA.MAT,,,,,,,,,
64,64,Bermuda,BMU,PISA: Mean performance on the reading scale,LO.PISA.REA,,,,,,,,,
65,65,Bermuda,BMU,PISA: Mean performance on the science scale,LO.PISA.SCI,,,,,,,,,
66,66,Bhutan,BTN,PISA: Mean performance on the mathematics scale,LO.PISA.MAT,,,,,,,,,
67,67,Bhutan,BTN,PISA: Mean performance on the reading scale,LO.PISA.REA,,,,,,,,,
68,68,Bhutan,BTN,PISA: Mean performance on the science scale,LO.PISA.SCI,,,,,,,,,
69,69,Bolivia,BOL,PISA: Mean performance on the mathematics scale,LO.PISA.MAT,,,,,,,,,
70,70,Bolivia,BOL,PISA: Mean performance on the reading scale,LO.PISA.REA,,,,,,,,,
71,71,Bolivia,BOL,PISA: Mean performance on the science scale,LO.PISA.SCI,,,,,,,,,
72,72,Bosnia and Herzegovina,BIH,PISA: Mean performance on the mathematics scale,LO.PISA.MAT,,,,,,,,,
73,73,Bosnia and Herzegovina,BIH,PISA: Mean performance on the reading scale,LO.PISA.REA,,,,,,,,,
74,74,Bosnia and Herzegovina,BIH,PISA: Mean performance on the science scale,LO.PISA.SCI,,,,,,,,,
75,75,Botswana,BWA,PISA: Mean performance on the mathematics scale,LO.PISA.MAT,,,,,,,,,
76,76,Botswana,BWA,PISA: Mean performance on the reading scale,LO.PISA.REA,,,,,,,,,
77,77,Botswana,BWA,PISA: Mean performance on the science scale,LO.PISA.SCI,,,,,,,,,
78,78,Brazil,BRA,PISA: Mean performance on the mathematics scale,LO.PISA.MAT,,385.814111985143,,,391.459888954175,,,,
79,79,Brazil,BRA,PISA: Mean performance on the reading scale,LO.PISA.REA,,411.754927512485,,,410.121847655763,,,,
80,80,Brazil,BRA,PISA: Mean performance on the science scale,LO.PISA.SCI,,405.40398876308404,,,404.710529258465,,,,
81,81,Brunei Darussalam,BRN,PISA: Mean performance on the mathematics scale,LO.PISA.MAT,,,,,,,,,
82,82,Brunei Darussalam,BRN,PISA: Mean performance on the reading scale,LO.PISA.REA,,,,,,,,,
83,83,Brunei Darussalam,BRN,PISA: Mean performance on the science scale,LO.PISA.SCI,,,,,,,,,
84,84,Bulgaria,BGR,PISA: Mean performance on the mathematics scale,LO.PISA.MAT,,428.066142786167,,,438.738259877416,,,,
85,85,Bulgaria,BGR,PISA: Mean performance on the reading scale,LO.PISA.REA,,429.081086959532,,,436.125725278661,,,,
86,86,Bulgaria,BGR,PISA: Mean performance on the science scale,LO.PISA.SCI,,439.294148733668,,,446.4687093761929,,,,
87,87,Burkina Faso,BFA,PISA: Mean performance on the mathematics scale,LO.PISA.MAT,,,,,,,,,
88,88,Burkina Faso,BFA,PISA: Mean performance on the reading scale,LO.PISA.REA,,,,,,,,,
89,89,Burkina Faso,BFA,PISA: Mean performance on the science scale,LO.PISA.SCI,,,,,,,,,
90,90,Burundi,BDI,PISA: Mean performance on the mathematics scale,LO.PISA.MAT,,,,,,,,,
91,91,Burundi,BDI,PISA: Mean performance on the reading scale,LO.PISA.REA,,,,,,,,,
92,92,Burundi,BDI,PISA: Mean performance on the science scale,LO.PISA.SCI,,,,,,,,,
93,93,Cabo Verde,CPV,PISA: Mean performance on the mathematics scale,LO.PISA.MAT,,,,,,,,,
94,94,Cabo Verde,CPV,PISA: Mean performance on the reading scale,LO.PISA.REA,,,,,,,,,
95,95,Cabo Verde,CPV,PISA: Mean performance on the science scale,LO.PISA.SCI,,,,,,,,,
96,96,Cambodia,KHM,PISA: Mean performance on the mathematics scale,LO.PISA.MAT,,,,,,,,,
97,97,Cambodia,KHM,PISA: Mean performance on the reading scale,LO.PISA.REA,,,,,,,,,
98,98,Cambodia,KHM,PISA: Mean performance on the science scale,LO.PISA.SCI,,,,,,,,,
99,99,Cameroon,CMR,PISA: Mean performance on the mathematics scale,LO.PISA.MAT,,,,,,,,,
100,100,Cameroon,CMR,PISA: Mean performance on the reading scale,LO.PISA.REA,,,,,,,,,
101,101,Cameroon,CMR,PISA: Mean performance on the science scale,LO.PISA.SCI,,,,,,,,,
102,102,Canada,CAN,PISA: Mean performance on the mathematics scale,LO.PISA.MAT,,526.805152750932,,,518.070399595951,,,,
103,103,Canada,CAN,PISA: Mean performance on the reading scale,LO.PISA.REA,,524.241833408575,,,523.1167184215541,,,,
104,104,Canada,CAN,PISA: Mean performance on the science scale,LO.PISA.SCI,,528.704953213355,,,525.460969751711,,,,
105,105,Cayman Islands,CYM,PISA: Mean performance on the mathematics scale,LO.PISA.MAT,,,,,,,,,
106,106,Cayman Islands,CYM,PISA: Mean performance on the reading scale,LO.PISA.REA,,,,,,,,,
107,107,Cayman Islands,CYM,PISA: Mean performance on the science scale,LO.PISA.SCI,,,,,,,,,
108,108,Central African Republic,CAF,PISA: Mean performance on the mathematics scale,LO.PISA.MAT,,,,,,,,,
109,109,Central African Republic,CAF,PISA: Mean performance on the reading scale,LO.PISA.REA,,,,,,,,,
110,110,Central African Republic,CAF,PISA: Mean performance on the science scale,LO.PISA.SCI,,,,,,,,,
111,111,Chad,TCD,PISA: Mean performance on the mathematics scale,LO.PISA.MAT,,,,,,,,,
112,112,Chad,TCD,PISA: Mean performance on the reading scale,LO.PISA.REA,,,,,,,,,
113,113,Chad,TCD,PISA: Mean performance on the science scale,LO.PISA.SCI,,,,,,,,,
114,114,Channel Islands,CHI,PISA: Mean performance on the mathematics scale,LO.PISA.MAT,,,,,,,,,
115,115,Channel Islands,CHI,PISA: Mean performance on the reading scale,LO.PISA.REA,,,,,,,,,
116,116,Channel Islands,CHI,PISA: Mean performance on the science scale,LO.PISA.SCI,,,,,,,,,
117,117,Chile,CHL,PISA: Mean performance on the mathematics scale,LO.PISA.MAT,,421.06047296124495,,,422.63235540551904,,,,
118,118,Chile,CHL,PISA: Mean performance on the reading scale,LO.PISA.REA,,449.369606817505,,,441.398163345356,,,,
119,119,Chile,CHL,PISA: Mean performance on the science scale,LO.PISA.SCI,,447.4673599324049,,,444.9339196949469,,,,
120,120,China,CHN,PISA: Mean performance on the mathematics scale,LO.PISA.MAT,,600.076252920147,,,612.6755363054531,,,,
121,121,China,CHN,PISA: Mean performance on the reading scale,LO.PISA.REA,,555.8281133508731,,,569.5884077490059,,,,
122,122,China,CHN,PISA: Mean performance on the science scale,LO.PISA.SCI,,574.617354693275,,,580.117830848225,,,,
123,123,Colombia,COL,PISA: Mean performance on the mathematics scale,LO.PISA.MAT,,380.8482148754709,,,376.488601072821,,,,
124,124,Colombia,COL,PISA: Mean performance on the reading scale,LO.PISA.REA,,413.181499141822,,,403.40253410220396,,,,
125,125,Colombia,COL,PISA: Mean performance on the science scale,LO.PISA.SCI,,401.75011529874604,,,398.678631615801,,,,
126,126,Comoros,COM,PISA: Mean performance on the mathematics scale,LO.PISA.MAT,,,,,,,,,
127,127,Comoros,COM,PISA: Mean performance on the reading scale,LO.PISA.REA,,,,,,,,,
128,128,Comoros,COM,PISA: Mean performance on the science scale,LO.PISA.SCI,,,,,,,,,
129,129,"Congo, Dem. Rep.",ZAR,PISA: Mean performance on the mathematics scale,LO.PISA.MAT,,,,,,,,,
130,130,"Congo, Dem. Rep.",ZAR,PISA: Mean performance on the reading scale,LO.PISA.REA,,,,,,,,,
131,131,"Congo, Dem. Rep.",ZAR,PISA: Mean performance on the science scale,LO.PISA.SCI,,,,,,,,,
132,132,"Congo, Rep.",COG,PISA: Mean performance on the mathematics scale,LO.PISA.MAT,,,,,,,,,
133,133,"Congo, Rep.",COG,PISA: Mean performance on the reading scale,LO.PISA.REA,,,,,,,,,
134,134,"Congo, Rep.",COG,PISA: Mean performance on the science scale,LO.PISA.SCI,,,,,,,,,
135,135,Costa Rica,CRI,PISA: Mean performance on the mathematics scale,LO.PISA.MAT,,409.38536912728205,,,406.999866988793,,,,
136,136,Costa Rica,CRI,PISA: Mean performance on the reading scale,LO.PISA.REA,,442.58094355888,,,440.547810670284,,,,
137,137,Costa Rica,CRI,PISA: Mean performance on the science scale,LO.PISA.SCI,,430.481279216419,,,429.350967542248,,,,
138,138,Cote d'Ivoire,CIV,PISA: Mean performance on the mathematics scale,LO.PISA.MAT,,,,,,,,,
139,139,Cote d'Ivoire,CIV,PISA: Mean performance on the reading scale,LO.PISA.REA,,,,,,,,,
140,140,Cote d'Ivoire,CIV,PISA: Mean performance on the science scale,LO.PISA.SCI,,,,,,,,,
141,141,Croatia,HRV,PISA: Mean performance on the mathematics scale,LO.PISA.MAT,,459.938917902581,,,471.13146075924794,,,,
142,142,Croatia,HRV,PISA: Mean performance on the reading scale,LO.PISA.REA,,475.74888637867,,,484.565032125693,,,,
143,143,Croatia,HRV,PISA: Mean performance on the science scale,LO.PISA.SCI,,486.363448789666,,,491.35658283423,,,,
144,144,Cuba,CUB,PISA: Mean performance on the mathematics scale,LO.PISA.MAT,,,,,,,,,
145,145,Cuba,CUB,PISA: Mean performance on the reading scale,LO.PISA.REA,,,,,,,,,
146,146,Cuba,CUB,PISA: Mean performance on the science scale,LO.PISA.SCI,,,,,,,,,
147,147,Curacao,CUW,PISA: Mean performance on the mathematics scale,LO.PISA.MAT,,,,,,,,,
148,148,Curacao,CUW,PISA: Mean performance on the reading scale,LO.PISA.REA,,,,,,,,,
149,149,Curacao,CUW,PISA: Mean performance on the science scale,LO.PISA.SCI,,,,,,,,,
150,150,Cyprus,CYP,PISA: Mean performance on the mathematics scale,LO.PISA.MAT,,,,,,,,,
151,151,Cyprus,CYP,PISA: Mean performance on the reading scale,LO.PISA.REA,,,,,448.95297870358803,,,,
152,152,Cyprus,CYP,PISA: Mean performance on the science scale,LO.PISA.SCI,,,,,437.67645896249803,,,,
153,153,Czech Republic,CZE,PISA: Mean performance on the mathematics scale,LO.PISA.MAT,,492.814094257394,,,498.95788231768,,,,
154,154,Czech Republic,CZE,PISA: Mean performance on the reading scale,LO.PISA.REA,,478.186720579341,,,492.889738211482,,,,
155,155,Czech Republic,CZE,PISA: Mean performance on the science scale,LO.PISA.SCI,,500.49706602884805,,,508.29907935427,,,,
156,156,Denmark,DNK,PISA: Mean performance on the mathematics scale,LO.PISA.MAT,,503.27814716139693,,,500.02675662541395,,,,
157,157,Denmark,DNK,PISA: Mean performance on the reading scale,LO.PISA.REA,,494.9161617963969,,,496.130881383569,,,,
158,158,Denmark,DNK,PISA: Mean performance on the science scale,LO.PISA.SCI,,499.3369746861129,,,498.474201429469,,,,
159,159,Djibouti,DJI,PISA: Mean performance on the mathematics scale,LO.PISA.MAT,,,,,,,,,
160,160,Djibouti,DJI,PISA: Mean performance on the reading scale,LO.PISA.REA,,,,,,,,,
161,161,Djibouti,DJI,PISA: Mean performance on the science scale,LO.PISA.SCI,,,,,,,,,
162,162,Dominica,DMA,PISA: Mean performance on the mathematics scale,LO.PISA.MAT,,,,,,,,,
163,163,Dominica,DMA,PISA: Mean performance on the reading scale,LO.PISA.REA,,,,,,,,,
164,164,Dominica,DMA,PISA: Mean performance on the science scale,LO.PISA.SCI,,,,,,,,,
165,165,Dominican Republic,DOM,PISA: Mean performance on the mathematics scale,LO.PISA.MAT,,,,,,,,,
166,166,Dominican Republic,DOM,PISA: Mean performance on the reading scale,LO.PISA.REA,,,,,,,,,
167,167,Dominican Republic,DOM,PISA: Mean performance on the science scale,LO.PISA.SCI,,,,,,,,,
168,168,Ecuador,ECU,PISA: Mean performance on the mathematics scale,LO.PISA.MAT,,,,,,,,,
169,169,Ecuador,ECU,PISA: Mean performance on the reading scale,LO.PISA.REA,,,,,,,,,
170,170,Ecuador,ECU,PISA: Mean performance on the science scale,LO.PISA.SCI,,,,,,,,,
171,171,"Egypt, Arab Rep.",EGY,PISA: Mean performance on the mathematics scale,LO.PISA.MAT,,,,,,,,,
172,172,"Egypt, Arab Rep.",EGY,PISA: Mean performance on the reading scale,LO.PISA.REA,,,,,,,,,
173,173,"Egypt, Arab Rep.",EGY,PISA: Mean performance on the science scale,LO.PISA.SCI,,,,,,,,,
174,174,El Salvador,SLV,PISA: Mean performance on the mathematics scale,LO.PISA.MAT,,,,,,,,,
175,175,El Salvador,SLV,PISA: Mean performance on the reading scale,LO.PISA.REA,,,,,,,,,
176,176,El Salvador,SLV,PISA: Mean performance on the science scale,LO.PISA.SCI,,,,,,,,,
177,177,Equatorial Guinea,GNQ,PISA: Mean performance on the mathematics scale,LO.PISA.MAT,,,,,,,,,
178,178,Equatorial Guinea,GNQ,PISA: Mean performance on the reading scale,LO.PISA.REA,,,,,,,,,
179,179,Equatorial Guinea,GNQ,PISA: Mean performance on the science scale,LO.PISA.SCI,,,,,,,,,
180,180,Eritrea,ERI,PISA: Mean performance on the mathematics scale,LO.PISA.MAT,,,,,,,,,
181,181,Eritrea,ERI,PISA: Mean performance on the reading scale,LO.PISA.REA,,,,,,,,,
182,182,Eritrea,ERI,PISA: Mean performance on the science scale,LO.PISA.SCI,,,,,,,,,
183,183,Estonia,EST,PISA: Mean performance on the mathematics scale,LO.PISA.MAT,,512.1041977390499,,,520.5455216767859,,,,
184,184,Estonia,EST,PISA: Mean performance on the reading scale,LO.PISA.REA,,500.961865512048,,,516.294184313067,,,,
185,185,Estonia,EST,PISA: Mean performance on the science scale,LO.PISA.SCI,,527.8317562473829,,,541.404756164087,,,,
186,186,Ethiopia,ETH,PISA: Mean performance on the mathematics scale,LO.PISA.MAT,,,,,,,,,
187,187,Ethiopia,ETH,PISA: Mean performance on the reading scale,LO.PISA.REA,,,,,,,,,
188,188,Ethiopia,ETH,PISA: Mean performance on the science scale,LO.PISA.SCI,,,,,,,,,
189,189,Faeroe Islands,FRO,PISA: Mean performance on the mathematics scale,LO.PISA.MAT,,,,,,,,,
190,190,Faeroe Islands,FRO,PISA: Mean performance on the reading scale,LO.PISA.REA,,,,,,,,,
191,191,Faeroe Islands,FRO,PISA: Mean performance on the science scale,LO.PISA.SCI,,,,,,,,,
192,192,Fiji,FJI,PISA: Mean performance on the mathematics scale,LO.PISA.MAT,,,,,,,,,
193,193,Fiji,FJI,PISA: Mean performance on the reading scale,LO.PISA.REA,,,,,,,,,
194,194,Fiji,FJI,PISA: Mean performance on the science scale,LO.PISA.SCI,,,,,,,,,
195,195,Finland,FIN,PISA: Mean performance on the mathematics scale,LO.PISA.MAT,,540.5043480713961,,,518.750335282979,,,,
196,196,Finland,FIN,PISA: Mean performance on the reading scale,LO.PISA.REA,,535.877984494657,,,524.021669693511,,,,
197,197,Finland,FIN,PISA: Mean performance on the science scale,LO.PISA.SCI,,554.079510006501,,,545.441939987881,,,,
198,198,France,FRA,PISA: Mean performance on the mathematics scale,LO.PISA.MAT,,496.782310397535,,,494.98467432064,,,,
199,199,France,FRA,PISA: Mean performance on the reading scale,LO.PISA.REA,,495.6165413109449,,,505.481483378022,,,,
200,200,France,FRA,PISA: Mean performance on the science scale,LO.PISA.SCI,,498.22689391510994,,,498.970894151481,,,,
201,201,French Polynesia,PYF,PISA: Mean performance on the mathematics scale,LO.PISA.MAT,,,,,,,,,
202,202,French Polynesia,PYF,PISA: Mean performance on the reading scale,LO.PISA.REA,,,,,,,,,
203,203,French Polynesia,PYF,PISA: Mean performance on the science scale,LO.PISA.SCI,,,,,,,,,
204,204,Gabon,GAB,PISA: Mean performance on the mathematics scale,LO.PISA.MAT,,,,,,,,,
205,205,Gabon,GAB,PISA: Mean performance on the reading scale,LO.PISA.REA,,,,,,,,,
206,206,Gabon,GAB,PISA: Mean performance on the science scale,LO.PISA.SCI,,,,,,,,,
207,207,"Gambia, The",GMB,PISA: Mean performance on the mathematics scale,LO.PISA.MAT,,,,,,,,,
208,208,"Gambia, The",GMB,PISA: Mean performance on the reading scale,LO.PISA.REA,,,,,,,,,
209,209,"Gambia, The",GMB,PISA: Mean performance on the science scale,LO.PISA.SCI,,,,,,,,,
210,210,Georgia,GEO,PISA: Mean performance on the mathematics scale,LO.PISA.MAT,,379.490958938783,,,,,,,
211,211,Georgia,GEO,PISA: Mean performance on the reading scale,LO.PISA.REA,,374.259872595934,,,,,,,
212,212,Georgia,GEO,PISA: Mean performance on the science scale,LO.PISA.SCI,,372.652949131624,,,,,,,
213,213,Germany,DEU,PISA: Mean performance on the mathematics scale,LO.PISA.MAT,,512.777642599843,,,513.525055819929,,,,
214,214,Germany,DEU,PISA: Mean performance on the reading scale,LO.PISA.REA,,497.305058150888,,,507.6765297655329,,,,
215,215,Germany,DEU,PISA: Mean performance on the science scale,LO.PISA.SCI,,520.405349483897,,,524.120799257005,,,,
216,216,Ghana,GHA,PISA: Mean performance on the mathematics scale,LO.PISA.MAT,,,,,,,,,
217,217,Ghana,GHA,PISA: Mean performance on the reading scale,LO.PISA.REA,,,,,,,,,
218,218,Ghana,GHA,PISA: Mean performance on the science scale,LO.PISA.SCI,,,,,,,,,
219,219,Greece,GRC,PISA: Mean performance on the mathematics scale,LO.PISA.MAT,,466.096372858553,,,452.973426858908,,,,
220,220,Greece,GRC,PISA: Mean performance on the reading scale,LO.PISA.REA,,482.776241961289,,,477.197176517918,,,,
221,221,Greece,GRC,PISA: Mean performance on the science scale,LO.PISA.SCI,,470.115764238205,,,466.7220294888221,,,,
222,222,Greenland,GRL,PISA: Mean performance on the mathematics scale,LO.PISA.MAT,,,,,,,,,
223,223,Greenland,GRL,PISA: Mean performance on the reading scale,LO.PISA.REA,,,,,,,,,
224,224,Greenland,GRL,PISA: Mean performance on the science scale,LO.PISA.SCI,,,,,,,,,
225,225,Grenada,GRD,PISA: Mean performance on the mathematics scale,LO.PISA.MAT,,,,,,,,,
226,226,Grenada,GRD,PISA: Mean performance on the reading scale,LO.PISA.REA,,,,,,,,,
227,227,Grenada,GRD,PISA: Mean performance on the science scale,LO.PISA.SCI,,,,,,,,,
228,228,Guam,GUM,PISA: Mean performance on the mathematics scale,LO.PISA.MAT,,,,,,,,,
229,229,Guam,GUM,PISA: Mean performance on the reading scale,LO.PISA.REA,,,,,,,,,
230,230,Guam,GUM,PISA: Mean performance on the science scale,LO.PISA.SCI,,,,,,,,,
231,231,Guatemala,GTM,PISA: Mean performance on the mathematics scale,LO.PISA.MAT,,,,,,,,,
232,232,Guatemala,GTM,PISA: Mean performance on the reading scale,LO.PISA.REA,,,,,,,,,
233,233,Guatemala,GTM,PISA: Mean performance on the science scale,LO.PISA.SCI,,,,,,,,,
234,234,Guinea,GIN,PISA: Mean performance on the mathematics scale,LO.PISA.MAT,,,,,,,,,
235,235,Guinea,GIN,PISA: Mean performance on the reading scale,LO.PISA.REA,,,,,,,,,
236,236,Guinea,GIN,PISA: Mean performance on the science scale,LO.PISA.SCI,,,,,,,,,
237,237,Guinea-Bissau,GNB,PISA: Mean performance on the mathematics scale,LO.PISA.MAT,,,,,,,,,
238,238,Guinea-Bissau,GNB,PISA: Mean performance on the reading scale,LO.PISA.REA,,,,,,,,,
239,239,Guinea-Bissau,GNB,PISA: Mean performance on the science scale,LO.PISA.SCI,,,,,,,,,
240,240,Guyana,GUY,PISA: Mean performance on the mathematics scale,LO.PISA.MAT,,,,,,,,,
241,241,Guyana,GUY,PISA: Mean performance on the reading scale,LO.PISA.REA,,,,,,,,,
242,242,Guyana,GUY,PISA: Mean performance on the science scale,LO.PISA.SCI,,,,,,,,,
243,243,Haiti,HTI,PISA: Mean performance on the mathematics scale,LO.PISA.MAT,,,,,,,,,
244,244,Haiti,HTI,PISA: Mean performance on the reading scale,LO.PISA.REA,,,,,,,,,
245,245,Haiti,HTI,PISA: Mean performance on the science scale,LO.PISA.SCI,,,,,,,,,
246,246,Honduras,HND,PISA: Mean performance on the mathematics scale,LO.PISA.MAT,,,,,,,,,
247,247,Honduras,HND,PISA: Mean performance on the reading scale,LO.PISA.REA,,,,,,,,,
248,248,Honduras,HND,PISA: Mean performance on the science scale,LO.PISA.SCI,,,,,,,,,
249,249,"Hong Kong SAR, China",HKG,PISA: Mean performance on the mathematics scale,LO.PISA.MAT,,554.527506471969,,,561.241096454551,,,,
250,250,"Hong Kong SAR, China",HKG,PISA: Mean performance on the reading scale,LO.PISA.REA,,533.1512680247059,,,544.60008598693,,,,
251,251,"Hong Kong SAR, China",HKG,PISA: Mean performance on the science scale,LO.PISA.SCI,,549.02870691592,,,554.9374343957389,,,,
252,252,Hungary,HUN,PISA: Mean performance on the mathematics scale,LO.PISA.MAT,,490.170027552574,,,477.044455015488,,,,
253,253,Hungary,HUN,PISA: Mean performance on the reading scale,LO.PISA.REA,,494.17875334322196,,,488.461333958455,,,,
254,254,Hungary,HUN,PISA: Mean performance on the science scale,LO.PISA.SCI,,502.64274872825104,,,494.302351221682,,,,
255,255,Iceland,ISL,PISA: Mean performance on the mathematics scale,LO.PISA.MAT,,506.66916364738404,,,492.79569723949203,,,,
256,256,Iceland,ISL,PISA: Mean performance on the reading scale,LO.PISA.REA,,500.283319256307,,,482.522439928253,,,,
257,257,Iceland,ISL,PISA: Mean performance on the science scale,LO.PISA.SCI,,495.598498280332,,,478.15459619459006,,,,
258,258,India,IND,PISA: Mean performance on the mathematics scale,LO.PISA.MAT,,,,,,,,,
259,259,India,IND,PISA: Mean performance on the reading scale,LO.PISA.REA,,,,,,,,,
260,260,India,IND,PISA: Mean performance on the science scale,LO.PISA.SCI,,,,,,,,,
261,261,Indonesia,IDN,PISA: Mean performance on the mathematics scale,LO.PISA.MAT,,371.300931028396,,,375.114451681748,,,,
262,262,Indonesia,IDN,PISA: Mean performance on the reading scale,LO.PISA.REA,,401.705195705234,,,396.120094523136,,,,
263,263,Indonesia,IDN,PISA: Mean performance on the science scale,LO.PISA.SCI,,382.569451693209,,,381.91148486595705,,,,
264,264,"Iran, Islamic Rep.",IRN,PISA: Mean performance on the mathematics scale,LO.PISA.MAT,,,,,,,,,
265,265,"Iran, Islamic Rep.",IRN,PISA: Mean performance on the reading scale,LO.PISA.REA,,,,,,,,,
266,266,"Iran, Islamic Rep.",IRN,PISA: Mean performance on the science scale,LO.PISA.SCI,,,,,,,,,
267,267,Iraq,IRQ,PISA: Mean performance on the mathematics scale,LO.PISA.MAT,,,,,,,,,
268,268,Iraq,IRQ,PISA: Mean performance on the reading scale,LO.PISA.REA,,,,,,,,,
269,269,Iraq,IRQ,PISA: Mean performance on the science scale,LO.PISA.SCI,,,,,,,,,
270,270,Ireland,IRL,PISA: Mean performance on the mathematics scale,LO.PISA.MAT,,487.13637524220803,,,501.497460196644,,,,
271,271,Ireland,IRL,PISA: Mean performance on the reading scale,LO.PISA.REA,,495.639108774544,,,523.17321024093,,,,
272,272,Ireland,IRL,PISA: Mean performance on the science scale,LO.PISA.SCI,,507.984153806497,,,522.003959196662,,,,
273,273,Isle of Man,IMY,PISA: Mean performance on the mathematics scale,LO.PISA.MAT,,,,,,,,,
274,274,Isle of Man,IMY,PISA: Mean performance on the reading scale,LO.PISA.REA,,,,,,,,,
275,275,Isle of Man,IMY,PISA: Mean performance on the science scale,LO.PISA.SCI,,,,,,,,,
276,276,Israel,ISR,PISA: Mean performance on the mathematics scale,LO.PISA.MAT,,446.863763843156,,,466.48143014931,,,,
277,277,Israel,ISR,PISA: Mean performance on the reading scale,LO.PISA.REA,,473.98995043365,,,485.80321244404405,,,,
278,278,Israel,ISR,PISA: Mean performance on the science scale,LO.PISA.SCI,,454.850963360013,,,470.07266182272696,,,,
279,279,Italy,ITA,PISA: Mean performance on the mathematics scale,LO.PISA.MAT,,482.908480430536,,,485.3211810125529,,,,
280,280,Italy,ITA,PISA: Mean performance on the reading scale,LO.PISA.REA,,486.051098781548,,,489.754403284842,,,,
281,281,Italy,ITA,PISA: Mean performance on the science scale,LO.PISA.SCI,,488.83136294319803,,,493.541481804953,,,,
282,282,Jamaica,JAM,PISA: Mean performance on the mathematics scale,LO.PISA.MAT,,,,,,,,,
283,283,Jamaica,JAM,PISA: Mean performance on the reading scale,LO.PISA.REA,,,,,,,,,
284,284,Jamaica,JAM,PISA: Mean performance on the science scale,LO.PISA.SCI,,,,,,,,,
285,285,Japan,JPN,PISA: Mean performance on the mathematics scale,LO.PISA.MAT,,528.993093000261,,,536.406918234208,,,,
286,286,Japan,JPN,PISA: Mean performance on the reading scale,LO.PISA.REA,,519.857722388684,,,538.051484829528,,,,
287,287,Japan,JPN,PISA: Mean performance on the science scale,LO.PISA.SCI,,539.430994031805,,,546.735599775095,,,,
288,288,Jordan,JOR,PISA: Mean performance on the mathematics scale,LO.PISA.MAT,,386.663814038424,,,385.595556395556,,,,
289,289,Jordan,JOR,PISA: Mean performance on the reading scale,LO.PISA.REA,,405.00931740164594,,,399.03474710354,,,,
290,290,Jordan,JOR,PISA: Mean performance on the science scale,LO.PISA.SCI,,415.38778365601195,,,409.36721468725,,,,
291,291,Kazakhstan,KAZ,PISA: Mean performance on the mathematics scale,LO.PISA.MAT,,404.88469210897904,,,431.79840850507895,,,,
292,292,Kazakhstan,KAZ,PISA: Mean performance on the reading scale,LO.PISA.REA,,390.41007653685097,,,392.736233327227,,,,
293,293,Kazakhstan,KAZ,PISA: Mean performance on the science scale,LO.PISA.SCI,,400.37613880284204,,,424.707522973964,,,,
294,294,Kenya,KEN,PISA: Mean performance on the mathematics scale,LO.PISA.MAT,,,,,,,,,
295,295,Kenya,KEN,PISA: Mean performance on the reading scale,LO.PISA.REA,,,,,,,,,
296,296,Kenya,KEN,PISA: Mean performance on the science scale,LO.PISA.SCI,,,,,,,,,
297,297,Kiribati,KIR,PISA: Mean performance on the mathematics scale,LO.PISA.MAT,,,,,,,,,
298,298,Kiribati,KIR,PISA: Mean performance on the reading scale,LO.PISA.REA,,,,,,,,,
299,299,Kiribati,KIR,PISA: Mean performance on the science scale,LO.PISA.SCI,,,,,,,,,
300,300,"Korea, Dem. Rep.",PRK,PISA: Mean performance on the mathematics scale,LO.PISA.MAT,,,,,,,,,
301,301,"Korea, Dem. Rep.",PRK,PISA: Mean performance on the reading scale,LO.PISA.REA,,,,,,,,,
302,302,"Korea, Dem. Rep.",PRK,PISA: Mean performance on the science scale,LO.PISA.SCI,,,,,,,,,
303,303,"Korea, Rep.",KOR,PISA: Mean performance on the mathematics scale,LO.PISA.MAT,,546.228534071986,,,553.766659143614,,,,
304,304,"Korea, Rep.",KOR,PISA: Mean performance on the reading scale,LO.PISA.REA,,539.267483427654,,,535.79049035633,,,,
305,305,"Korea, Rep.",KOR,PISA: Mean performance on the science scale,LO.PISA.SCI,,537.986230286956,,,537.787621535186,,,,
306,306,Kosovo,KSV,PISA: Mean performance on the mathematics scale,LO.PISA.MAT,,,,,,,,,
307,307,Kosovo,KSV,PISA: Mean performance on the reading scale,LO.PISA.REA,,,,,,,,,
308,308,Kosovo,KSV,PISA: Mean performance on the science scale,LO.PISA.SCI,,,,,,,,,
309,309,Kuwait,KWT,PISA: Mean performance on the mathematics scale,LO.PISA.MAT,,,,,,,,,
310,310,Kuwait,KWT,PISA: Mean performance on the reading scale,LO.PISA.REA,,,,,,,,,
311,311,Kuwait,KWT,PISA: Mean performance on the science scale,LO.PISA.SCI,,,,,,,,,
312,312,Kyrgyz Republic,KGZ,PISA: Mean performance on the mathematics scale,LO.PISA.MAT,,331.155509168733,,,,,,,
313,313,Kyrgyz Republic,KGZ,PISA: Mean performance on the reading scale,LO.PISA.REA,,314.019885623077,,,,,,,
314,314,Kyrgyz Republic,KGZ,PISA: Mean performance on the science scale,LO.PISA.SCI,,329.545623125516,,,,,,,
315,315,Lao PDR,LAO,PISA: Mean performance on the mathematics scale,LO.PISA.MAT,,,,,,,,,
316,316,Lao PDR,LAO,PISA: Mean performance on the reading scale,LO.PISA.REA,,,,,,,,,
317,317,Lao PDR,LAO,PISA: Mean performance on the science scale,LO.PISA.SCI,,,,,,,,,
318,318,Latvia,LVA,PISA: Mean performance on the mathematics scale,LO.PISA.MAT,,481.953822620897,,,490.571021411359,,,,
319,319,Latvia,LVA,PISA: Mean performance on the reading scale,LO.PISA.REA,,483.96014553422094,,,488.694413789431,,,,
320,320,Latvia,LVA,PISA: Mean performance on the science scale,LO.PISA.SCI,,493.8789238800631,,,502.18619208774004,,,,
321,321,Lebanon,LBN,PISA: Mean performance on the mathematics scale,LO.PISA.MAT,,,,,,,,,
322,322,Lebanon,LBN,PISA: Mean performance on the reading scale,LO.PISA.REA,,,,,,,,,
323,323,Lebanon,LBN,PISA: Mean performance on the science scale,LO.PISA.SCI,,,,,,,,,
324,324,Lesotho,LSO,PISA: Mean performance on the mathematics scale,LO.PISA.MAT,,,,,,,,,
325,325,Lesotho,LSO,PISA: Mean performance on the reading scale,LO.PISA.REA,,,,,,,,,
326,326,Lesotho,LSO,PISA: Mean performance on the science scale,LO.PISA.SCI,,,,,,,,,
327,327,Liberia,LBR,PISA: Mean performance on the mathematics scale,LO.PISA.MAT,,,,,,,,,
328,328,Liberia,LBR,PISA: Mean performance on the reading scale,LO.PISA.REA,,,,,,,,,
329,329,Liberia,LBR,PISA: Mean performance on the science scale,LO.PISA.SCI,,,,,,,,,
330,330,Libya,LBY,PISA: Mean performance on the mathematics scale,LO.PISA.MAT,,,,,,,,,
331,331,Libya,LBY,PISA: Mean performance on the reading scale,LO.PISA.REA,,,,,,,,,
332,332,Libya,LBY,PISA: Mean performance on the science scale,LO.PISA.SCI,,,,,,,,,
333,333,Liechtenstein,LIE,PISA: Mean performance on the mathematics scale,LO.PISA.MAT,,536.048468409449,,,534.96508297892,,,,
334,334,Liechtenstein,LIE,PISA: Mean performance on the reading scale,LO.PISA.REA,,499.322052712795,,,515.521654089438,,,,
335,335,Liechtenstein,LIE,PISA: Mean performance on the science scale,LO.PISA.SCI,,519.914167497944,,,524.694992275752,,,,
336,336,Lithuania,LTU,PISA: Mean performance on the mathematics scale,LO.PISA.MAT,,476.602303092852,,,478.823277433358,,,,
337,337,Lithuania,LTU,PISA: Mean performance on the reading scale,LO.PISA.REA,,468.44273430849603,,,477.3066115499689,,,,
338,338,Lithuania,LTU,PISA: Mean performance on the science scale,LO.PISA.SCI,,491.409790863656,,,495.700086396902,,,,
339,339,Luxembourg,LUX,PISA: Mean performance on the mathematics scale,LO.PISA.MAT,,489.067263408096,,,489.845098037208,,,,
340,340,Luxembourg,LUX,PISA: Mean performance on the reading scale,LO.PISA.REA,,472.173386715057,,,487.80704283399,,,,
341,341,Luxembourg,LUX,PISA: Mean performance on the science scale,LO.PISA.SCI,,483.9284210431781,,,491.215175670468,,,,
342,342,"Macao SAR, China",MAC,PISA: Mean performance on the mathematics scale,LO.PISA.MAT,,525.28302277123,,,538.134494733918,,,,
343,343,"Macao SAR, China",MAC,PISA: Mean performance on the reading scale,LO.PISA.REA,,486.635349304954,,,508.949255420631,,,,
344,344,"Macao SAR, China",MAC,PISA: Mean performance on the science scale,LO.PISA.SCI,,511.0695977581929,,,520.570875333848,,,,
345,345,"Macedonia, FYR",MKD,PISA: Mean performance on the mathematics scale,LO.PISA.MAT,,,,,,,,,
346,346,"Macedonia, FYR",MKD,PISA: Mean performance on the reading scale,LO.PISA.REA,,,,,,,,,
347,347,"Macedonia, FYR",MKD,PISA: Mean performance on the science scale,LO.PISA.SCI,,,,,,,,,
348,348,Madagascar,MDG,PISA: Mean performance on the mathematics scale,LO.PISA.MAT,,,,,,,,,
349,349,Madagascar,MDG,PISA: Mean performance on the reading scale,LO.PISA.REA,,,,,,,,,
350,350,Madagascar,MDG,PISA: Mean performance on the science scale,LO.PISA.SCI,,,,,,,,,
351,351,Malawi,MWI,PISA: Mean performance on the mathematics scale,LO.PISA.MAT,,,,,,,,,
352,352,Malawi,MWI,PISA: Mean performance on the reading scale,LO.PISA.REA,,,,,,,,,
353,353,Malawi,MWI,PISA: Mean performance on the science scale,LO.PISA.SCI,,,,,,,,,
354,354,Malaysia,MYS,PISA: Mean performance on the mathematics scale,LO.PISA.MAT,,404.258132521407,,,420.512967619053,,,,
355,355,Malaysia,MYS,PISA: Mean performance on the reading scale,LO.PISA.REA,,413.81204439998595,,,398.196059787664,,,,
356,356,Malaysia,MYS,PISA: Mean performance on the science scale,LO.PISA.SCI,,422.23164035348196,,,419.502648533661,,,,
357,357,Maldives,MDV,PISA: Mean performance on the mathematics scale,LO.PISA.MAT,,,,,,,,,
358,358,Maldives,MDV,PISA: Mean performance on the reading scale,LO.PISA.REA,,,,,,,,,
359,359,Maldives,MDV,PISA: Mean performance on the science scale,LO.PISA.SCI,,,,,,,,,
360,360,Mali,MLI,PISA: Mean performance on the mathematics scale,LO.PISA.MAT,,,,,,,,,
361,361,Mali,MLI,PISA: Mean performance on the reading scale,LO.PISA.REA,,,,,,,,,
362,362,Mali,MLI,PISA: Mean performance on the science scale,LO.PISA.SCI,,,,,,,,,
363,363,Malta,MLT,PISA: Mean performance on the mathematics scale,LO.PISA.MAT,,462.8762023173581,,,,,,,
364,364,Malta,MLT,PISA: Mean performance on the reading scale,LO.PISA.REA,,442.052499564951,,,,,,,
365,365,Malta,MLT,PISA: Mean performance on the science scale,LO.PISA.SCI,,461.339415180402,,,,,,,
366,366,Marshall Islands,MHL,PISA: Mean performance on the mathematics scale,LO.PISA.MAT,,,,,,,,,
367,367,Marshall Islands,MHL,PISA: Mean performance on the reading scale,LO.PISA.REA,,,,,,,,,
368,368,Marshall Islands,MHL,PISA: Mean performance on the science scale,LO.PISA.SCI,,,,,,,,,
369,369,Mauritania,MRT,PISA: Mean performance on the mathematics scale,LO.PISA.MAT,,,,,,,,,
370,370,Mauritania,MRT,PISA: Mean performance on the reading scale,LO.PISA.REA,,,,,,,,,
371,371,Mauritania,MRT,PISA: Mean performance on the science scale,LO.PISA.SCI,,,,,,,,,
372,372,Mauritius,MUS,PISA: Mean performance on the mathematics scale,LO.PISA.MAT,,419.99714762166604,,,,,,,
373,373,Mauritius,MUS,PISA: Mean performance on the reading scale,LO.PISA.REA,,406.57182389871696,,,,,,,
374,374,Mauritius,MUS,PISA: Mean performance on the science scale,LO.PISA.SCI,,417.20373136914003,,,,,,,
375,375,Mexico,MEX,PISA: Mean performance on the mathematics scale,LO.PISA.MAT,,418.50909475911794,,,413.281466667708,,,,
376,376,Mexico,MEX,PISA: Mean performance on the reading scale,LO.PISA.REA,,425.2652991561821,,,423.55376178166,,,,
377,377,Mexico,MEX,PISA: Mean performance on the science scale,LO.PISA.SCI,,415.908672232987,,,414.9201477153469,,,,
378,378,"Micronesia, Fed. Sts.",FSM,PISA: Mean performance on the mathematics scale,LO.PISA.MAT,,,,,,,,,
379,379,"Micronesia, Fed. Sts.",FSM,PISA: Mean performance on the reading scale,LO.PISA.REA,,,,,,,,,
380,380,"Micronesia, Fed. Sts.",FSM,PISA: Mean performance on the science scale,LO.PISA.SCI,,,,,,,,,
381,381,Moldova,MDA,PISA: Mean performance on the mathematics scale,LO.PISA.MAT,,397.49208590048,,,,,,,
382,382,Moldova,MDA,PISA: Mean performance on the reading scale,LO.PISA.REA,,388.077770183434,,,,,,,
383,383,Moldova,MDA,PISA: Mean performance on the science scale,LO.PISA.SCI,,412.771010026674,,,,,,,
384,384,Monaco,MCO,PISA: Mean performance on the mathematics scale,LO.PISA.MAT,,,,,,,,,
385,385,Monaco,MCO,PISA: Mean performance on the reading scale,LO.PISA.REA,,,,,,,,,
386,386,Monaco,MCO,PISA: Mean performance on the science scale,LO.PISA.SCI,,,,,,,,,
387,387,Mongolia,MNG,PISA: Mean performance on the mathematics scale,LO.PISA.MAT,,,,,,,,,
388,388,Mongolia,MNG,PISA: Mean performance on the reading scale,LO.PISA.REA,,,,,,,,,
389,389,Mongolia,MNG,PISA: Mean performance on the science scale,LO.PISA.SCI,,,,,,,,,
390,390,Montenegro,MNE,PISA: Mean performance on the mathematics scale,LO.PISA.MAT,,402.515364052492,,,409.626613284347,,,,
391,391,Montenegro,MNE,PISA: Mean performance on the reading scale,LO.PISA.REA,,407.547769486644,,,422.11135426997595,,,,
392,392,Montenegro,MNE,PISA: Mean performance on the science scale,LO.PISA.SCI,,401.277469825908,,,410.097602262549,,,,
393,393,Morocco,MAR,PISA: Mean performance on the mathematics scale,LO.PISA.MAT,,,,,,,,,
394,394,Morocco,MAR,PISA: Mean performance on the reading scale,LO.PISA.REA,,,,,,,,,
395,395,Morocco,MAR,PISA: Mean performance on the science scale,LO.PISA.SCI,,,,,,,,,
396,396,Mozambique,MOZ,PISA: Mean performance on the mathematics scale,LO.PISA.MAT,,,,,,,,,
397,397,Mozambique,MOZ,PISA: Mean performance on the reading scale,LO.PISA.REA,,,,,,,,,
398,398,Mozambique,MOZ,PISA: Mean performance on the science scale,LO.PISA.SCI,,,,,,,,,
399,399,Myanmar,MMR,PISA: Mean performance on the mathematics scale,LO.PISA.MAT,,,,,,,,,
400,400,Myanmar,MMR,PISA: Mean performance on the reading scale,LO.PISA.REA,,,,,,,,,
401,401,Myanmar,MMR,PISA: Mean performance on the science scale,LO.PISA.SCI,,,,,,,,,
402,402,Namibia,NAM,PISA: Mean performance on the mathematics scale,LO.PISA.MAT,,,,,,,,,
403,403,Namibia,NAM,PISA: Mean performance on the reading scale,LO.PISA.REA,,,,,,,,,
404,404,Namibia,NAM,PISA: Mean performance on the science scale,LO.PISA.SCI,,,,,,,,,
405,405,Nepal,NPL,PISA: Mean performance on the mathematics scale,LO.PISA.MAT,,,,,,,,,
406,406,Nepal,NPL,PISA: Mean performance on the reading scale,LO.PISA.REA,,,,,,,,,
407,407,Nepal,NPL,PISA: Mean performance on the science scale,LO.PISA.SCI,,,,,,,,,
408,408,Netherlands,NLD,PISA: Mean performance on the mathematics scale,LO.PISA.MAT,,525.835688380923,,,522.971758192681,,,,
409,409,Netherlands,NLD,PISA: Mean performance on the reading scale,LO.PISA.REA,,508.403722944549,,,511.229965245418,,,,
410,410,Netherlands,NLD,PISA: Mean performance on the science scale,LO.PISA.SCI,,522.218128201078,,,522.055821725803,,,,
411,411,New Caledonia,NCL,PISA: Mean performance on the mathematics scale,LO.PISA.MAT,,,,,,,,,
412,412,New Caledonia,NCL,PISA: Mean performance on the reading scale,LO.PISA.REA,,,,,,,,,
413,413,New Caledonia,NCL,PISA: Mean performance on the science scale,LO.PISA.SCI,,,,,,,,,
414,414,New Zealand,NZL,PISA: Mean performance on the mathematics scale,LO.PISA.MAT,,519.300872489045,,,499.74990282758597,,,,
415,415,New Zealand,NZL,PISA: Mean performance on the reading scale,LO.PISA.REA,,520.880008686591,,,512.186793323336,,,,
416,416,New Zealand,NZL,PISA: Mean performance on the science scale,LO.PISA.SCI,,532.0069013802839,,,515.636318700572,,,,
417,417,Nicaragua,NIC,PISA: Mean performance on the mathematics scale,LO.PISA.MAT,,,,,,,,,
418,418,Nicaragua,NIC,PISA: Mean performance on the reading scale,LO.PISA.REA,,,,,,,,,
419,419,Nicaragua,NIC,PISA: Mean performance on the science scale,LO.PISA.SCI,,,,,,,,,
420,420,Niger,NER,PISA: Mean performance on the mathematics scale,LO.PISA.MAT,,,,,,,,,
421,421,Niger,NER,PISA: Mean performance on the reading scale,LO.PISA.REA,,,,,,,,,
422,422,Niger,NER,PISA: Mean performance on the science scale,LO.PISA.SCI,,,,,,,,,
423,423,Nigeria,NGA,PISA: Mean performance on the mathematics scale,LO.PISA.MAT,,,,,,,,,
424,424,Nigeria,NGA,PISA: Mean performance on the reading scale,LO.PISA.REA,,,,,,,,,
425,425,Nigeria,NGA,PISA: Mean performance on the science scale,LO.PISA.SCI,,,,,,,,,
426,426,Northern Mariana Islands,MNP,PISA: Mean performance on the mathematics scale,LO.PISA.MAT,,,,,,,,,
427,427,Northern Mariana Islands,MNP,PISA: Mean performance on the reading scale,LO.PISA.REA,,,,,,,,,
428,428,Northern Mariana Islands,MNP,PISA: Mean performance on the science scale,LO.PISA.SCI,,,,,,,,,
429,429,Norway,NOR,PISA: Mean performance on the mathematics scale,LO.PISA.MAT,,497.955693105616,,,489.3730703487551,,,,
430,430,Norway,NOR,PISA: Mean performance on the reading scale,LO.PISA.REA,,503.23002036531403,,,503.936685996267,,,,
431,431,Norway,NOR,PISA: Mean performance on the science scale,LO.PISA.SCI,,499.875699776536,,,494.523934741308,,,,
432,432,Oman,OMN,PISA: Mean performance on the mathematics scale,LO.PISA.MAT,,,,,,,,,
433,433,Oman,OMN,PISA: Mean performance on the reading scale,LO.PISA.REA,,,,,,,,,
434,434,Oman,OMN,PISA: Mean performance on the science scale,LO.PISA.SCI,,,,,,,,,
435,435,Pakistan,PAK,PISA: Mean performance on the mathematics scale,LO.PISA.MAT,,,,,,,,,
436,436,Pakistan,PAK,PISA: Mean performance on the reading scale,LO.PISA.REA,,,,,,,,,
437,437,Pakistan,PAK,PISA: Mean performance on the science scale,LO.PISA.SCI,,,,,,,,,
438,438,Palau,PLW,PISA: Mean performance on the mathematics scale,LO.PISA.MAT,,,,,,,,,
439,439,Palau,PLW,PISA: Mean performance on the reading scale,LO.PISA.REA,,,,,,,,,
440,440,Palau,PLW,PISA: Mean performance on the science scale,LO.PISA.SCI,,,,,,,,,
441,441,Panama,PAN,PISA: Mean performance on the mathematics scale,LO.PISA.MAT,,359.74815906999703,,,,,,,
442,442,Panama,PAN,PISA: Mean performance on the reading scale,LO.PISA.REA,,370.727300538288,,,,,,,
443,443,Panama,PAN,PISA: Mean performance on the science scale,LO.PISA.SCI,,375.89555801499,,,,,,,
444,444,Papua New Guinea,PNG,PISA: Mean performance on the mathematics scale,LO.PISA.MAT,,,,,,,,,
445,445,Papua New Guinea,PNG,PISA: Mean performance on the reading scale,LO.PISA.REA,,,,,,,,,
446,446,Papua New Guinea,PNG,PISA: Mean performance on the science scale,LO.PISA.SCI,,,,,,,,,
447,447,Paraguay,PRY,PISA: Mean performance on the mathematics scale,LO.PISA.MAT,,,,,,,,,
448,448,Paraguay,PRY,PISA: Mean performance on the reading scale,LO.PISA.REA,,,,,,,,,
449,449,Paraguay,PRY,PISA: Mean performance on the science scale,LO.PISA.SCI,,,,,,,,,
450,450,Peru,PER,PISA: Mean performance on the mathematics scale,LO.PISA.MAT,,365.107272239707,,,368.10254712735605,,,,
451,451,Peru,PER,PISA: Mean performance on the reading scale,LO.PISA.REA,,369.69576026267305,,,384.151223462193,,,,
452,452,Peru,PER,PISA: Mean performance on the science scale,LO.PISA.SCI,,369.351771359662,,,373.113448374386,,,,
453,453,Philippines,PHL,PISA: Mean performance on the mathematics scale,LO.PISA.MAT,,,,,,,,,
454,454,Philippines,PHL,PISA: Mean performance on the reading scale,LO.PISA.REA,,,,,,,,,
455,455,Philippines,PHL,PISA: Mean performance on the science scale,LO.PISA.SCI,,,,,,,,,
456,456,Poland,POL,PISA: Mean performance on the mathematics scale,LO.PISA.MAT,,494.802918517109,,,517.501096817955,,,,
457,457,Poland,POL,PISA: Mean performance on the reading scale,LO.PISA.REA,,500.478482555257,,,518.186880548638,,,,
458,458,Poland,POL,PISA: Mean performance on the science scale,LO.PISA.SCI,,508.0682976879,,,525.816445438169,,,,
459,459,Portugal,PRT,PISA: Mean performance on the mathematics scale,LO.PISA.MAT,,486.888306098136,,,487.06318134390295,,,,
460,460,Portugal,PRT,PISA: Mean performance on the reading scale,LO.PISA.REA,,489.334923939821,,,487.757687222583,,,,
461,461,Portugal,PRT,PISA: Mean performance on the science scale,LO.PISA.SCI,,492.949967418761,,,489.2747319815191,,,,
462,462,Puerto Rico,PRI,PISA: Mean performance on the mathematics scale,LO.PISA.MAT,,,,,,,,,
463,463,Puerto Rico,PRI,PISA: Mean performance on the reading scale,LO.PISA.REA,,,,,,,,,
464,464,Puerto Rico,PRI,PISA: Mean performance on the science scale,LO.PISA.SCI,,,,,,,,,
465,465,Qatar,QAT,PISA: Mean performance on the mathematics scale,LO.PISA.MAT,,368.11248736586,,,376.4483986347,,,,
466,466,Qatar,QAT,PISA: Mean performance on the reading scale,LO.PISA.REA,,371.71603058283205,,,387.504130931739,,,,
467,467,Qatar,QAT,PISA: Mean performance on the science scale,LO.PISA.SCI,,379.446948617259,,,383.642553387497,,,,
468,468,Romania,ROM,PISA: Mean performance on the mathematics scale,LO.PISA.MAT,,427.07917566886704,,,444.554242787643,,,,
469,469,Romania,ROM,PISA: Mean performance on the reading scale,LO.PISA.REA,,424.458328360617,,,437.59948827742403,,,,
470,470,Romania,ROM,PISA: Mean performance on the science scale,LO.PISA.SCI,,428.178884664927,,,438.76805621175004,,,,
471,471,Russian Federation,RUS,PISA: Mean performance on the mathematics scale,LO.PISA.MAT,,467.812209196419,,,482.169415663317,,,,
472,472,Russian Federation,RUS,PISA: Mean performance on the reading scale,LO.PISA.REA,,459.395929327471,,,475.149374066768,,,,
473,473,Russian Federation,RUS,PISA: Mean performance on the science scale,LO.PISA.SCI,,478.29752992325103,,,486.2954899651951,,,,
474,474,Rwanda,RWA,PISA: Mean performance on the mathematics scale,LO.PISA.MAT,,,,,,,,,
475,475,Rwanda,RWA,PISA: Mean performance on the reading scale,LO.PISA.REA,,,,,,,,,
476,476,Rwanda,RWA,PISA: Mean performance on the science scale,LO.PISA.SCI,,,,,,,,,
477,477,Samoa,WSM,PISA: Mean performance on the mathematics scale,LO.PISA.MAT,,,,,,,,,
478,478,Samoa,WSM,PISA: Mean performance on the reading scale,LO.PISA.REA,,,,,,,,,
479,479,Samoa,WSM,PISA: Mean performance on the science scale,LO.PISA.SCI,,,,,,,,,
480,480,San Marino,SMR,PISA: Mean performance on the mathematics scale,LO.PISA.MAT,,,,,,,,,
481,481,San Marino,SMR,PISA: Mean performance on the reading scale,LO.PISA.REA,,,,,,,,,
482,482,San Marino,SMR,PISA: Mean performance on the science scale,LO.PISA.SCI,,,,,,,,,
483,483,Sao Tome and Principe,STP,PISA: Mean performance on the mathematics scale,LO.PISA.MAT,,,,,,,,,
484,484,Sao Tome and Principe,STP,PISA: Mean performance on the reading scale,LO.PISA.REA,,,,,,,,,
485,485,Sao Tome and Principe,STP,PISA: Mean performance on the science scale,LO.PISA.SCI,,,,,,,,,
486,486,Saudi Arabia,SAU,PISA: Mean performance on the mathematics scale,LO.PISA.MAT,,,,,,,,,
487,487,Saudi Arabia,SAU,PISA: Mean performance on the reading scale,LO.PISA.REA,,,,,,,,,
488,488,Saudi Arabia,SAU,PISA: Mean performance on the science scale,LO.PISA.SCI,,,,,,,,,
489,489,Senegal,SEN,PISA: Mean performance on the mathematics scale,LO.PISA.MAT,,,,,,,,,
490,490,Senegal,SEN,PISA: Mean performance on the reading scale,LO.PISA.REA,,,,,,,,,
491,491,Senegal,SEN,PISA: Mean performance on the science scale,LO.PISA.SCI,,,,,,,,,
492,492,Serbia,SRB,PISA: Mean performance on the mathematics scale,LO.PISA.MAT,,442.381888696287,,,448.859130247605,,,,
493,493,Serbia,SRB,PISA: Mean performance on the reading scale,LO.PISA.REA,,442.01670125731596,,,446.130195516461,,,,
494,494,Serbia,SRB,PISA: Mean performance on the science scale,LO.PISA.SCI,,442.78578695638396,,,444.804110871138,,,,
495,495,Seychelles,SYC,PISA: Mean performance on the mathematics scale,LO.PISA.MAT,,,,,,,,,
496,496,Seychelles,SYC,PISA: Mean performance on the reading scale,LO.PISA.REA,,,,,,,,,
497,497,Seychelles,SYC,PISA: Mean performance on the science scale,LO.PISA.SCI,,,,,,,,,
498,498,Sierra Leone,SLE,PISA: Mean performance on the mathematics scale,LO.PISA.MAT,,,,,,,,,
499,499,Sierra Leone,SLE,PISA: Mean performance on the reading scale,LO.PISA.REA,,,,,,,,,
500,500,Sierra Leone,SLE,PISA: Mean performance on the science scale,LO.PISA.SCI,,,,,,,,,
501,501,Singapore,SGP,PISA: Mean performance on the mathematics scale,LO.PISA.MAT,,562.018741233995,,,573.46831429664,,,,
502,502,Singapore,SGP,PISA: Mean performance on the reading scale,LO.PISA.REA,,525.896516737066,,,542.215834174158,,,,
503,503,Singapore,SGP,PISA: Mean performance on the science scale,LO.PISA.SCI,,541.6955180901809,,,551.493156642825,,,,
504,504,Sint Maarten (Dutch part),SXM,PISA: Mean performance on the mathematics scale,LO.PISA.MAT,,,,,,,,,
505,505,Sint Maarten (Dutch part),SXM,PISA: Mean performance on the reading scale,LO.PISA.REA,,,,,,,,,
506,506,Sint Maarten (Dutch part),SXM,PISA: Mean performance on the science scale,LO.PISA.SCI,,,,,,,,,
507,507,Slovak Republic,SVK,PISA: Mean performance on the mathematics scale,LO.PISA.MAT,,496.683420165049,,,481.6447440063249,,,,
508,508,Slovak Republic,SVK,PISA: Mean performance on the reading scale,LO.PISA.REA,,477.443352445841,,,462.76703277016196,,,,
509,509,Slovak Republic,SVK,PISA: Mean performance on the science scale,LO.PISA.SCI,,490.265922092352,,,471.193177266055,,,,
510,510,Slovenia,SVN,PISA: Mean performance on the mathematics scale,LO.PISA.MAT,,501.472389492358,,,501.127422390952,,,,
511,511,Slovenia,SVN,PISA: Mean performance on the reading scale,LO.PISA.REA,,483.08204231910105,,,481.316283491682,,,,
512,512,Slovenia,SVN,PISA: Mean performance on the science scale,LO.PISA.SCI,,511.759473108356,,,514.142554966146,,,,
513,513,Solomon Islands,SLB,PISA: Mean performance on the mathematics scale,LO.PISA.MAT,,,,,,,,,
514,514,Solomon Islands,SLB,PISA: Mean performance on the reading scale,LO.PISA.REA,,,,,,,,,
515,515,Solomon Islands,SLB,PISA: Mean performance on the science scale,LO.PISA.SCI,,,,,,,,,
516,516,Somalia,SOM,PISA: Mean performance on the mathematics scale,LO.PISA.MAT,,,,,,,,,
517,517,Somalia,SOM,PISA: Mean performance on the reading scale,LO.PISA.REA,,,,,,,,,
518,518,Somalia,SOM,PISA: Mean performance on the science scale,LO.PISA.SCI,,,,,,,,,
519,519,South Africa,ZAF,PISA: Mean performance on the mathematics scale,LO.PISA.MAT,,,,,,,,,
520,520,South Africa,ZAF,PISA: Mean performance on the reading scale,LO.PISA.REA,,,,,,,,,
521,521,South Africa,ZAF,PISA: Mean performance on the science scale,LO.PISA.SCI,,,,,,,,,
522,522,South Sudan,SSD,PISA: Mean performance on the mathematics scale,LO.PISA.MAT,,,,,,,,,
523,523,South Sudan,SSD,PISA: Mean performance on the reading scale,LO.PISA.REA,,,,,,,,,
524,524,South Sudan,SSD,PISA: Mean performance on the science scale,LO.PISA.SCI,,,,,,,,,
525,525,Spain,ESP,PISA: Mean performance on the mathematics scale,LO.PISA.MAT,,483.493140321268,,,484.319297801971,,,,
526,526,Spain,ESP,PISA: Mean performance on the reading scale,LO.PISA.REA,,481.04232605262496,,,487.939181597799,,,,
527,527,Spain,ESP,PISA: Mean performance on the science scale,LO.PISA.SCI,,488.254630256288,,,496.44582282447305,,,,
528,528,Sri Lanka,LKA,PISA: Mean performance on the mathematics scale,LO.PISA.MAT,,,,,,,,,
529,529,Sri Lanka,LKA,PISA: Mean performance on the reading scale,LO.PISA.REA,,,,,,,,,
530,530,Sri Lanka,LKA,PISA: Mean performance on the science scale,LO.PISA.SCI,,,,,,,,,
531,531,St. Kitts and Nevis,KNA,PISA: Mean performance on the mathematics scale,LO.PISA.MAT,,,,,,,,,
532,532,St. Kitts and Nevis,KNA,PISA: Mean performance on the reading scale,LO.PISA.REA,,,,,,,,,
533,533,St. Kitts and Nevis,KNA,PISA: Mean performance on the science scale,LO.PISA.SCI,,,,,,,,,
534,534,St. Lucia,LCA,PISA: Mean performance on the mathematics scale,LO.PISA.MAT,,,,,,,,,
535,535,St. Lucia,LCA,PISA: Mean performance on the reading scale,LO.PISA.REA,,,,,,,,,
536,536,St. Lucia,LCA,PISA: Mean performance on the science scale,LO.PISA.SCI,,,,,,,,,
537,537,St. Martin (French part),MAF,PISA: Mean performance on the mathematics scale,LO.PISA.MAT,,,,,,,,,
538,538,St. Martin (French part),MAF,PISA: Mean performance on the reading scale,LO.PISA.REA,,,,,,,,,
539,539,St. Martin (French part),MAF,PISA: Mean performance on the science scale,LO.PISA.SCI,,,,,,,,,
540,540,St. Vincent and the Grenadines,VCT,PISA: Mean performance on the mathematics scale,LO.PISA.MAT,,,,,,,,,
541,541,St. Vincent and the Grenadines,VCT,PISA: Mean performance on the reading scale,LO.PISA.REA,,,,,,,,,
542,542,St. Vincent and the Grenadines,VCT,PISA: Mean performance on the science scale,LO.PISA.SCI,,,,,,,,,
543,543,Sudan,SDN,PISA: Mean performance on the mathematics scale,LO.PISA.MAT,,,,,,,,,
544,544,Sudan,SDN,PISA: Mean performance on the reading scale,LO.PISA.REA,,,,,,,,,
545,545,Sudan,SDN,PISA: Mean performance on the science scale,LO.PISA.SCI,,,,,,,,,
546,546,Suriname,SUR,PISA: Mean performance on the mathematics scale,LO.PISA.MAT,,,,,,,,,
547,547,Suriname,SUR,PISA: Mean performance on the reading scale,LO.PISA.REA,,,,,,,,,
548,548,Suriname,SUR,PISA: Mean performance on the science scale,LO.PISA.SCI,,,,,,,,,
549,549,Swaziland,SWZ,PISA: Mean performance on the mathematics scale,LO.PISA.MAT,,,,,,,,,
550,550,Swaziland,SWZ,PISA: Mean performance on the reading scale,LO.PISA.REA,,,,,,,,,
551,551,Swaziland,SWZ,PISA: Mean performance on the science scale,LO.PISA.SCI,,,,,,,,,
552,552,Sweden,SWE,PISA: Mean performance on the mathematics scale,LO.PISA.MAT,,494.2381754223989,,,478.260635903011,,,,
553,553,Sweden,SWE,PISA: Mean performance on the reading scale,LO.PISA.REA,,497.449423526009,,,483.335005574195,,,,
554,554,Sweden,SWE,PISA: Mean performance on the science scale,LO.PISA.SCI,,495.105898116161,,,484.798965809011,,,,
555,555,Switzerland,CHE,PISA: Mean performance on the mathematics scale,LO.PISA.MAT,,533.960644920522,,,530.931003950396,,,,
556,556,Switzerland,CHE,PISA: Mean performance on the reading scale,LO.PISA.REA,,500.500211859255,,,509.0402497125189,,,,
557,557,Switzerland,CHE,PISA: Mean performance on the science scale,LO.PISA.SCI,,516.567510249693,,,515.297523463759,,,,
558,558,Syrian Arab Republic,SYR,PISA: Mean performance on the mathematics scale,LO.PISA.MAT,,,,,,,,,
559,559,Syrian Arab Republic,SYR,PISA: Mean performance on the reading scale,LO.PISA.REA,,,,,,,,,
560,560,Syrian Arab Republic,SYR,PISA: Mean performance on the science scale,LO.PISA.SCI,,,,,,,,,
561,561,Tajikistan,TJK,PISA: Mean performance on the mathematics scale,LO.PISA.MAT,,,,,,,,,
562,562,Tajikistan,TJK,PISA: Mean performance on the reading scale,LO.PISA.REA,,,,,,,,,
563,563,Tajikistan,TJK,PISA: Mean performance on the science scale,LO.PISA.SCI,,,,,,,,,
564,564,Tanzania,TZA,PISA: Mean performance on the mathematics scale,LO.PISA.MAT,,,,,,,,,
565,565,Tanzania,TZA,PISA: Mean performance on the reading scale,LO.PISA.REA,,,,,,,,,
566,566,Tanzania,TZA,PISA: Mean performance on the science scale,LO.PISA.SCI,,,,,,,,,
567,567,Thailand,THA,PISA: Mean performance on the mathematics scale,LO.PISA.MAT,,418.583934960989,,,426.7374912930111,,,,
568,568,Thailand,THA,PISA: Mean performance on the reading scale,LO.PISA.REA,,421.37441418059603,,,441.219934309878,,,,
569,569,Thailand,THA,PISA: Mean performance on the science scale,LO.PISA.SCI,,425.296284930708,,,443.99993508944505,,,,
570,570,Timor-Leste,TMP,PISA: Mean performance on the mathematics scale,LO.PISA.MAT,,,,,,,,,
571,571,Timor-Leste,TMP,PISA: Mean performance on the reading scale,LO.PISA.REA,,,,,,,,,
572,572,Timor-Leste,TMP,PISA: Mean performance on the science scale,LO.PISA.SCI,,,,,,,,,
573,573,Togo,TGO,PISA: Mean performance on the mathematics scale,LO.PISA.MAT,,,,,,,,,
574,574,Togo,TGO,PISA: Mean performance on the reading scale,LO.PISA.REA,,,,,,,,,
575,575,Togo,TGO,PISA: Mean performance on the science scale,LO.PISA.SCI,,,,,,,,,
576,576,Tonga,TON,PISA: Mean performance on the mathematics scale,LO.PISA.MAT,,,,,,,,,
577,577,Tonga,TON,PISA: Mean performance on the reading scale,LO.PISA.REA,,,,,,,,,
578,578,Tonga,TON,PISA: Mean performance on the science scale,LO.PISA.SCI,,,,,,,,,
579,579,Trinidad and Tobago,TTO,PISA: Mean performance on the mathematics scale,LO.PISA.MAT,,414.044966735268,,,,,,,
580,580,Trinidad and Tobago,TTO,PISA: Mean performance on the reading scale,LO.PISA.REA,,416.45233185653,,,,,,,
581,581,Trinidad and Tobago,TTO,PISA: Mean performance on the science scale,LO.PISA.SCI,,410.19561750989,,,,,,,
582,582,Tunisia,TUN,PISA: Mean performance on the mathematics scale,LO.PISA.MAT,,371.4835029767049,,,387.824629620248,,,,
583,583,Tunisia,TUN,PISA: Mean performance on the reading scale,LO.PISA.REA,,403.63265545880205,,,404.078467250271,,,,
584,584,Tunisia,TUN,PISA: Mean performance on the science scale,LO.PISA.SCI,,400.661484247373,,,398.046450918533,,,,
585,585,Turkey,TUR,PISA: Mean performance on the mathematics scale,LO.PISA.MAT,,445.4513402414389,,,447.984414978955,,,,
586,586,Turkey,TUR,PISA: Mean performance on the reading scale,LO.PISA.REA,,464.194375387402,,,475.491466080751,,,,
587,587,Turkey,TUR,PISA: Mean performance on the science scale,LO.PISA.SCI,,453.909717955233,,,463.412909072733,,,,
588,588,Turkmenistan,TKM,PISA: Mean performance on the mathematics scale,LO.PISA.MAT,,,,,,,,,
589,589,Turkmenistan,TKM,PISA: Mean performance on the reading scale,LO.PISA.REA,,,,,,,,,
590,590,Turkmenistan,TKM,PISA: Mean performance on the science scale,LO.PISA.SCI,,,,,,,,,
591,591,Turks and Caicos Islands,TCA,PISA: Mean performance on the mathematics scale,LO.PISA.MAT,,,,,,,,,
592,592,Turks and Caicos Islands,TCA,PISA: Mean performance on the reading scale,LO.PISA.REA,,,,,,,,,
593,593,Turks and Caicos Islands,TCA,PISA: Mean performance on the science scale,LO.PISA.SCI,,,,,,,,,
594,594,Tuvalu,TUV,PISA: Mean performance on the mathematics scale,LO.PISA.MAT,,,,,,,,,
595,595,Tuvalu,TUV,PISA: Mean performance on the reading scale,LO.PISA.REA,,,,,,,,,
596,596,Tuvalu,TUV,PISA: Mean performance on the science scale,LO.PISA.SCI,,,,,,,,,
597,597,Uganda,UGA,PISA: Mean performance on the mathematics scale,LO.PISA.MAT,,,,,,,,,
598,598,Uganda,UGA,PISA: Mean performance on the reading scale,LO.PISA.REA,,,,,,,,,
599,599,Uganda,UGA,PISA: Mean performance on the science scale,LO.PISA.SCI,,,,,,,,,
600,600,Ukraine,UKR,PISA: Mean performance on the mathematics scale,LO.PISA.MAT,,,,,,,,,
601,601,Ukraine,UKR,PISA: Mean performance on the reading scale,LO.PISA.REA,,,,,,,,,
602,602,Ukraine,UKR,PISA: Mean performance on the science scale,LO.PISA.SCI,,,,,,,,,
603,603,United Arab Emirates,ARE,PISA: Mean performance on the mathematics scale,LO.PISA.MAT,,,,,,,,,
604,604,United Arab Emirates,ARE,PISA: Mean performance on the reading scale,LO.PISA.REA,,431.41611212018,,,441.70373607625504,,,,
605,605,United Arab Emirates,ARE,PISA: Mean performance on the science scale,LO.PISA.SCI,,437.806416216099,,,448.3702958632009,,,,
606,606,United Kingdom,GBR,PISA: Mean performance on the mathematics scale,LO.PISA.MAT,,492.414078206256,,,493.93423089631597,,,,
607,607,United Kingdom,GBR,PISA: Mean performance on the reading scale,LO.PISA.REA,,494.182010308355,,,499.323115130356,,,,
608,608,United Kingdom,GBR,PISA: Mean performance on the science scale,LO.PISA.SCI,,513.710240139805,,,514.129321054891,,,,
609,609,United States,USA,PISA: Mean performance on the mathematics scale,LO.PISA.MAT,,487.396520406538,,,481.366786279212,,,,
610,610,United States,USA,PISA: Mean performance on the reading scale,LO.PISA.REA,,499.826821131663,,,497.58171811695297,,,,
611,611,United States,USA,PISA: Mean performance on the science scale,LO.PISA.SCI,,502.002265007935,,,497.409811483087,,,,
612,612,Uruguay,URY,PISA: Mean performance on the mathematics scale,LO.PISA.MAT,,426.72377266341795,,,409.29156793771597,,,,
613,613,Uruguay,URY,PISA: Mean performance on the reading scale,LO.PISA.REA,,425.813358651984,,,411.34891904111504,,,,
614,614,Uruguay,URY,PISA: Mean performance on the science scale,LO.PISA.SCI,,427.214249705468,,,415.84293548984596,,,,
615,615,Uzbekistan,UZB,PISA: Mean performance on the mathematics scale,LO.PISA.MAT,,,,,,,,,
616,616,Uzbekistan,UZB,PISA: Mean performance on the reading scale,LO.PISA.REA,,,,,,,,,
617,617,Uzbekistan,UZB,PISA: Mean performance on the science scale,LO.PISA.SCI,,,,,,,,,
618,618,Vanuatu,VUT,PISA: Mean performance on the mathematics scale,LO.PISA.MAT,,,,,,,,,
619,619,Vanuatu,VUT,PISA: Mean performance on the reading scale,LO.PISA.REA,,,,,,,,,
620,620,Vanuatu,VUT,PISA: Mean performance on the science scale,LO.PISA.SCI,,,,,,,,,
621,621,"Venezuela, RB",VEN,PISA: Mean performance on the mathematics scale,LO.PISA.MAT,,,,,,,,,
622,622,"Venezuela, RB",VEN,PISA: Mean performance on the reading scale,LO.PISA.REA,,,,,,,,,
623,623,"Venezuela, RB",VEN,PISA: Mean performance on the science scale,LO.PISA.SCI,,,,,,,,,
624,624,Vietnam,VNM,PISA: Mean performance on the mathematics scale,LO.PISA.MAT,,,,,511.338207501184,,,,
625,625,Vietnam,VNM,PISA: Mean performance on the reading scale,LO.PISA.REA,,,,,508.218990432106,,,,
626,626,Vietnam,VNM,PISA: Mean performance on the science scale,LO.PISA.SCI,,,,,528.423258986674,,,,
627,627,Virgin Islands (U.S.),VIR,PISA: Mean performance on the mathematics scale,LO.PISA.MAT,,,,,,,,,
628,628,Virgin Islands (U.S.),VIR,PISA: Mean performance on the reading scale,LO.PISA.REA,,,,,,,,,
629,629,Virgin Islands (U.S.),VIR,PISA: Mean performance on the science scale,LO.PISA.SCI,,,,,,,,,
630,630,West Bank and Gaza,WBG,PISA: Mean performance on the mathematics scale,LO.PISA.MAT,,,,,,,,,
631,631,West Bank and Gaza,WBG,PISA: Mean performance on the reading scale,LO.PISA.REA,,,,,,,,,
632,632,West Bank and Gaza,WBG,PISA: Mean performance on the science scale,LO.PISA.SCI,,,,,,,,,
633,633,"Yemen, Rep.",YEM,PISA: Mean performance on the mathematics scale,LO.PISA.MAT,,,,,,,,,
634,634,"Yemen, Rep.",YEM,PISA: Mean performance on the reading scale,LO.PISA.REA,,,,,,,,,
635,635,"Yemen, Rep.",YEM,PISA: Mean performance on the science scale,LO.PISA.SCI,,,,,,,,,
636,636,Zambia,ZMB,PISA: Mean performance on the mathematics scale,LO.PISA.MAT,,,,,,,,,
637,637,Zambia,ZMB,PISA: Mean performance on the reading scale,LO.PISA.REA,,,,,,,,,
638,638,Zambia,ZMB,PISA: Mean performance on the science scale,LO.PISA.SCI,,,,,,,,,
639,639,Zimbabwe,ZWE,PISA: Mean performance on the mathematics scale,LO.PISA.MAT,,,,,,,,,
640,640,Zimbabwe,ZWE,PISA: Mean performance on the reading scale,LO.PISA.REA,,,,,,,,,
641,641,Zimbabwe,ZWE,PISA: Mean performance on the science scale,LO.PISA.SCI,,,,,,,,,
